Filename,True Label,Predicted Label
construction_hammer_1.wav,construction,others
construction_hammer_10.wav,construction,construction
construction_hammer_11.wav,construction,construction
construction_hammer_12.wav,construction,construction
construction_hammer_13.wav,construction,construction
construction_hammer_14.wav,construction,construction
construction_hammer_15.wav,construction,construction
construction_hammer_16.wav,construction,construction
construction_hammer_17.wav,construction,construction
construction_hammer_18.wav,construction,construction
construction_hammer_19.wav,construction,construction
construction_hammer_2.wav,construction,others
construction_hammer_20.wav,construction,construction
construction_hammer_21.wav,construction,construction
construction_hammer_22.wav,construction,construction
construction_hammer_23.wav,construction,construction
construction_hammer_24.wav,construction,construction
construction_hammer_25.wav,construction,construction
construction_hammer_26.wav,construction,construction
construction_hammer_27.wav,construction,construction
construction_hammer_28.wav,construction,construction
construction_hammer_29.wav,construction,construction
construction_hammer_3.wav,construction,others
construction_hammer_30.wav,construction,construction
construction_hammer_31.wav,construction,construction
construction_hammer_32.wav,construction,construction
construction_hammer_33.wav,construction,construction
construction_hammer_34.wav,construction,construction
construction_hammer_35.wav,construction,construction
construction_hammer_36.wav,construction,construction
others_101.wav,others,others
others_102.wav,others,others
others_103.wav,others,others
others_104.wav,others,others
others_105.wav,others,others
others_106.wav,others,others
others_107.wav,others,others
others_108.wav,others,others
others_109.wav,others,others
others_110.wav,others,others
others_111.wav,others,others
others_112.wav,others,others
others_113.wav,others,others
others_114.wav,others,others
others_115.wav,others,others
others_116.wav,others,others
others_117.wav,others,others
others_118.wav,others,others
others_119.wav,others,others
others_120.wav,others,others
others_121.wav,others,others
others_122.wav,others,others
others_123.wav,others,others
others_124.wav,others,others
others_125.wav,others,others
others_126.wav,others,others
others_127.wav,others,others
others_128.wav,others,others
others_129.wav,others,others
others_130.wav,others,others
